<?xml version="1.0" encoding="UTF-8"?>
<site>
   <feature url="features/CodeCompletionFeature2_1.1.1.jar" id="CodeCompletionFeature2" version="1.1.1">
      <category name="Code Completion"/>
   </feature>
   <feature url="features/ca.mcgill.cs.swevo.ppa.feature_1.2.1.201106050716.jar" id="ca.mcgill.cs.swevo.ppa.feature" version="1.2.1.201106050716">
      <category name="Code Completion"/>
   </feature>
   <category-def name="Code Completion" label="Code Completion">
      <description>
         Code Completion
      </description>
   </category-def>
</site>
